{"cameraMode":{"drawMode":0,"name":"Shaded","section":"Shading Mode"},"sceneLighting":true,"audioPlay":false,"sceneViewState":{"m_AlwaysRefresh":false,"showFog":true,"showSkybox":true,"showFlares":true,"showImageEffects":true,"showParticleSystems":true,"showVisualEffectGraphs":true,"m_FxEnabled":true},"in2DMode":false,"pivot":{"x":31.515838623046876,"y":723.6095581054688,"z":7742.17138671875},"rotation":{"x":-0.004081211052834988,"y":-0.9211242198944092,"z":-0.009677242487668991,"w":0.38932448625564577},"size":129.71298217773438,"orthographic":false}