{"cameraMode":{"drawMode":0,"name":"Shaded","section":"Shading Mode"},"sceneLighting":true,"audioPlay":false,"sceneViewState":{"m_AlwaysRefresh":false,"showFog":true,"showSkybox":true,"showFlares":true,"showImageEffects":true,"showParticleSystems":true,"showVisualEffectGraphs":true,"m_FxEnabled":true},"in2DMode":false,"pivot":{"x":33.815406799316409,"y":2.222071647644043,"z":-43.72846603393555},"rotation":{"x":-0.09081179648637772,"y":0.8504705429077148,"z":-0.15635021030902863,"w":-0.49397221207618716},"size":16.949783325195314,"orthographic":false}