{"cameraMode":{"drawMode":0,"name":"Shaded","section":"Shading Mode"},"sceneLighting":true,"audioPlay":false,"sceneViewState":{"m_AlwaysRefresh":false,"showFog":true,"showSkybox":true,"showFlares":true,"showImageEffects":true,"showParticleSystems":true,"showVisualEffectGraphs":true,"m_FxEnabled":true},"in2DMode":false,"pivot":{"x":50.24627685546875,"y":8.035377502441407,"z":-43.36769485473633},"rotation":{"x":0.20559509098529817,"y":-0.04696732759475708,"z":0.009863203391432763,"w":0.9774754047393799},"size":12.12435531616211,"orthographic":false}